{"cameraMode":{"drawMode":0,"name":"Shaded","section":"Shading Mode"},"sceneLighting":false,"audioPlay":false,"sceneViewState":{"m_AlwaysRefresh":false,"showFog":true,"showSkybox":false,"showFlares":true,"showImageEffects":true,"showParticleSystems":true,"showVisualEffectGraphs":true,"m_FxEnabled":true},"in2DMode":false,"pivot":{"x":-5.2079291343688969,"y":0.5495309829711914,"z":-10.403571128845215},"rotation":{"x":0.026288321241736413,"y":-0.961767852306366,"z":0.09960798174142838,"w":0.2537885904312134},"size":9.117575645446778,"orthographic":false}